Question,Answer
hi,What's your question about menstruation?,nan
what is period,"Menstruation is a natural process in which the uterus sheds its lining, resulting in bleeding from the vagina. This typically occurs once a month in people with a uterus and is a sign of reproductive health.

Follow-up question: Are you experiencing any issues with your menstrual cycle?",nan
"Yes, I am facing problem with my menstrual period cycle","Stress can indeed affect your menstrual cycle. It can lead to irregular periods, heavier or lighter bleeding, and even changes in the timing of your period. 

Follow-up question: Are you experiencing any of these symptoms?",nan
No. I think i am not facing these problem. But I have irregular period cycles. what should I do,"Irregular periods can be caused by various factors, including hormonal imbalances, stress, weight changes, and certain medical conditions. Here are some possible reasons and solutions:

* Hormonal imbalances: 
  - Polycystic ovary syndrome (PCOS)
  - Thyroid problems
  - Premature ovarian failure
* Stress and weight changes:
  - Eat a balanced diet
  - Exercise regularly
  - Manage stress through meditation or yoga
* Certain medical conditions:
  - Celiac disease
  - Diabetes
  - Hypothyroidism

If you experience irregular periods, it's essential to consult a healthcare provider to rule out any underlying health issues.

Follow-up question: Have you noticed any other symptoms such as heavy bleeding, pelvic pain, or difficulty getting pregnant?",nan
